NN1,NN2,NN3,Comparator
Recall,0.9333969950675964,0.924359142780304,0.8961678743362427,0.8960678577423096,
Accuracy,0.9212942719459534,0.917195200920105,0.8289703130722046,0.8289799094200134,
Precision,0.8768139481544495,0.8747144341468811,0.7333452701568604,0.7333980202674866,
F1-Score,0.9042211174964905,0.8988518118858337,0.8066218495368958,0.8066132664680481,
